{"cameraMode":{"drawMode":0,"name":"Shaded","section":"Shading Mode"},"sceneLighting":false,"audioPlay":false,"sceneViewState":{"m_AlwaysRefresh":false,"showFog":true,"showSkybox":false,"showFlares":true,"showImageEffects":true,"showParticleSystems":true,"showVisualEffectGraphs":true,"m_FxEnabled":true},"in2DMode":false,"pivot":{"x":0.01077166199684143,"y":1.4901161193847657e-8,"z":4.565889358520508},"rotation":{"x":0.18312430381774903,"y":0.4630872309207916,"z":-0.0969121903181076,"w":0.8623083233833313},"size":6.046992778778076,"orthographic":false}