{"cameraMode":{"drawMode":0,"name":"Shaded","section":"Shading Mode"},"sceneLighting":true,"audioPlay":false,"sceneViewState":{"m_AlwaysRefresh":false,"showFog":true,"showSkybox":true,"showFlares":true,"showImageEffects":true,"showParticleSystems":true,"showVisualEffectGraphs":true,"m_FxEnabled":true},"in2DMode":false,"pivot":{"x":10.554953575134278,"y":-0.08997207134962082,"z":-0.6696361303329468},"rotation":{"x":-0.2314283698797226,"y":-0.6105706691741943,"z":0.19324153661727906,"w":-0.7330642938613892},"size":5.2142839431762699,"orthographic":false}