{"cameraMode":{"drawMode":0,"name":"Shaded","section":"Shading Mode"},"sceneLighting":true,"audioPlay":false,"sceneViewState":{"m_AlwaysRefresh":false,"showFog":true,"showSkybox":true,"showFlares":true,"showImageEffects":true,"showParticleSystems":true,"showVisualEffectGraphs":true,"m_FxEnabled":true},"in2DMode":false,"pivot":{"x":-13.43632698059082,"y":6.9552507400512699,"z":37.11866760253906},"rotation":{"x":0.006110387854278088,"y":0.22211645543575288,"z":-0.00022461080516222864,"w":-0.9753599166870117},"size":1.9963724613189698,"orthographic":false}